<?xml version="1.0" encoding="UTF-8"?>
<project-private xmlns="http://www.netbeans.org/ns/project-private/1">
    <editor-bookmarks xmlns="http://www.netbeans.org/ns/editor-bookmarks/2" lastBookmarkId="0"/>
    <open-files xmlns="http://www.netbeans.org/ns/projectui-open-files/2">
        <group>
            <file>file:/C:/Users/Eunice/Desktop/76602/76602/WRK/web/votingP.jsp</file>
            <file>file:/C:/Users/Eunice/Desktop/76602/76602/WRK/web/contact.jsp</file>
            <file>file:/C:/Users/Eunice/Desktop/76602/76602/WRK/web/update.jsp</file>
            <file>file:/C:/Users/Eunice/Desktop/76602/76602/WRK/web/history.jsp</file>
            <file>file:/C:/Users/Eunice/Desktop/76602/76602/WRK/web/admin.html</file>
            <file>file:/C:/Users/Eunice/Desktop/76602/76602/WRK/web/instructions.jsp</file>
            <file>file:/C:/Users/Eunice/Desktop/76602/76602/WRK/web/register.html</file>
            <file>file:/C:/Users/Eunice/Desktop/76602/76602/WRK/web/loginform.jsp</file>
            <file>file:/C:/Users/Eunice/Desktop/76602/76602/WRK/web/triggnigga.jsp</file>
            <file>file:/C:/Users/Eunice/Desktop/76602/76602/WRK/web/list.jsp</file>
            <file>file:/C:/Users/Eunice/Desktop/76602/76602/WRK/web/regNO.html</file>
            <file>file:/C:/Users/Eunice/Desktop/76602/76602/WRK/web/newhtml.html</file>
            <file>file:/C:/Users/Eunice/Desktop/76602/76602/WRK/web/Results.html</file>
            <file>file:/C:/Users/Eunice/Desktop/76602/76602/WRK/web/temp.jsp</file>
            <file>file:/C:/Users/Eunice/Desktop/76602/76602/WRK/web/login.html</file>
            <file>file:/C:/Users/Eunice/Desktop/76602/76602/WRK/web/add.jsp</file>
            <file>file:/C:/Users/Eunice/Desktop/76602/76602/WRK/web/index.html</file>
            <file>file:/C:/Users/Eunice/Desktop/76602/76602/WRK/web/blah.jsp</file>
            <file>file:/C:/Users/Eunice/Desktop/76602/76602/WRK/web/preReg.jsp</file>
            <file>file:/C:/Users/Eunice/Desktop/76602/76602/WRK/web/Retemp.jsp</file>
            <file>file:/C:/Users/Eunice/Desktop/76602/76602/WRK/web/success.html</file>
            <file>file:/C:/Users/Eunice/Desktop/76602/76602/WRK/web/InvalidEntry.html</file>
            <file>file:/C:/Users/Eunice/Desktop/76602/76602/WRK/web/aboutUs.jsp</file>
            <file>file:/C:/Users/Eunice/Desktop/76602/76602/WRK/web/save.jsp</file>
            <file>file:/C:/Users/Eunice/Desktop/76602/76602/WRK/web/profile.jsp</file>
            <file>file:/C:/Users/Eunice/Desktop/76602/76602/WRK/web/participants.jsp</file>
        </group>
    </open-files>
</project-private>
